{"Basic Information": {"Username": "shaley776", "Name": "Sarah Haley", "Creation Date": "2017-01-16 07:36:46 UTC"}, "Device Information": {"Make": "", "Model ID": "", "Model Name": "", "User Agent": "", "Language": "", "OS Type": "", "OS Version": "", "Connection Type": ""}, "Device History": [], "Privacy Policy and Terms of Service Acceptance History": [], "Custom Creative Tools Terms": [], "Login History": [{"IP": "69.57.196.60", "Country": "US", "Created": "2019-12-27 02:47:15 UTC", "Status": "success", "Device": "Mozilla/5.0 (iPhone; CPU iPhone OS 12_4_1 like Mac OS X) AppleWebKit/605.1.15 (KHTML, like Gecko) Mobile/15E148"}, {"IP": "69.57.196.60", "Country": "US", "Created": "2019-12-27 02:47:14 UTC", "Status": "success", "Device": "Mozilla/5.0 (iPhone; CPU iPhone OS 12_4_1 like Mac OS X) AppleWebKit/605.1.15 (KHTML, like Gecko) Mobile/15E148"}, {"IP": "69.57.196.60", "Country": "US", "Created": "2019-12-27 02:45:10 UTC", "Status": "success", "Device": "Snapchat/10.72.5.69 (iPhone11,2; iOS 12.4.1; gzip)"}]}